Season,Team,GP,G,A,P,+/-,PIM,PPG,PPP,SHG,SHP,TOI/G,GWG,OTG,S,S%,FO%,Player Name,Player ID,GS,W,L,T,OT,SA,GAA,SV%,SO,TOI
2012-13,Florida Panthers,11,1,0,1,-8,2,0,0,0,0,15:13,0,0,17,5.9,40.2,nick-bjugstad,8475760,,,,,,,,,,
2013-14,Florida Panthers,76,16,22,38,-14,16,0,3,1,2,16:13,4,0,185,8.6,48.9,nick-bjugstad,8475760,,,,,,,,,,
2014-15,Florida Panthers,72,24,19,43,-7,38,7,12,0,0,16:35,3,0,207,11.6,48.9,nick-bjugstad,8475760,,,,,,,,,,
2015-16,Florida Panthers,67,15,19,34,-8,41,6,15,0,0,15:31,3,0,171,8.8,51.7,nick-bjugstad,8475760,,,,,,,,,,
2016-17,Florida Panthers,54,7,7,14,-19,22,1,3,0,0,13:09,1,0,91,7.7,47.6,nick-bjugstad,8475760,,,,,,,,,,
2017-18,Florida Panthers,82,19,30,49,5,41,1,7,0,0,15:07,1,0,230,8.3,51,nick-bjugstad,8475760,,,,,,,,,,
2018-19,Florida Panthers,32,5,7,12,2,16,1,3,0,0,14:30,1,0,60,8.3,51,nick-bjugstad,8475760,,,,,,,,,,
2018-19,Pittsburgh Penguins,32,9,5,14,4,14,1,3,0,0,15:45,1,0,94,9.6,48.5,nick-bjugstad,8475760,,,,,,,,,,
2019-20,Pittsburgh Penguins,13,1,1,2,3,8,0,0,0,0,12:14,0,0,18,5.6,39.6,nick-bjugstad,8475760,,,,,,,,,,
2020-21,Minnesota Wild,44,6,11,17,7,17,0,1,0,0,11:49,3,0,78,7.7,46.3,nick-bjugstad,8475760,,,,,,,,,,
2021-22,Minnesota Wild,57,7,6,13,-2,20,1,1,0,0,10:16,0,0,81,8.6,55.3,nick-bjugstad,8475760,,,,,,,,,,
2022-23,Arizona Coyotes,59,13,10,23,7,26,1,1,1,1,16:59,0,0,111,11.7,47.2,nick-bjugstad,8475760,,,,,,,,,,
2022-23,Edmonton Oilers,19,4,2,6,6,8,0,0,0,0,13:45,1,0,34,11.8,50.4,nick-bjugstad,8475760,,,,,,,,,,
2023-24,Arizona Coyotes,76,22,23,45,11,59,2,6,1,1,17:27,2,1,165,13.3,49.2,nick-bjugstad,8475760,,,,,,,,,,
2024-25,Utah Hockey Club,7,0,2,2,0,2,0,0,0,0,13:29,0,0,10,0,50.7,nick-bjugstad,8475760,,,,,,,,,,
Career,,701,149,164,313,-13,330,21,55,3,4,14:59,20,1,1552,9.6,49,nick-bjugstad,8475760,,,,,,,,,,
2021-22,Arizona Coyotes,21,4,2,6,-8,14,0,0,0,0,12:19,0,0,36,11.1,0,michael-carcone,8479619,,,,,,,,,,
2022-23,Arizona Coyotes,9,2,1,3,3,2,0,0,0,0,12:39,0,0,15,13.3,0,michael-carcone,8479619,,,,,,,,,,
2023-24,Arizona Coyotes,74,21,8,29,-2,35,1,2,1,1,11:16,4,0,111,18.9,30.8,michael-carcone,8479619,,,,,,,,,,
2024-25,Utah Hockey Club,5,0,0,0,-2,0,0,0,0,0,11:29,0,0,7,0,0,michael-carcone,8479619,,,,,,,,,,
Career,,109,27,11,38,-9,51,1,2,1,1,11:36,4,0,169,16,19,michael-carcone,8479619,,,,,,,,,,
2023-24,Arizona Coyotes,82,20,24,44,-13,18,3,13,1,1,15:49,2,1,151,13.2,38,logan-cooley,8483431,,,,,,,,,,
2024-25,Utah Hockey Club,15,2,9,11,2,6,0,1,0,0,15:36,0,0,29,6.9,47.2,logan-cooley,8483431,,,,,,,,,,
Career,,97,22,33,55,-11,24,3,14,1,1,15:47,2,1,180,12.2,39.5,logan-cooley,8483431,,,,,,,,,,
2016-17,Arizona Coyotes,72,5,7,12,-20,48,0,0,1,1,11:53,2,0,84,5.9,50,lawson-crouse,8478474,,,,,,,,,,
2017-18,Arizona Coyotes,11,1,0,1,-6,7,0,0,0,0,10:56,0,0,13,7.7,27.3,lawson-crouse,8478474,,,,,,,,,,
2018-19,Arizona Coyotes,81,11,14,25,5,67,0,0,2,2,12:57,1,0,131,8.4,41.4,lawson-crouse,8478474,,,,,,,,,,
2019-20,Arizona Coyotes,66,15,10,25,0,33,0,0,1,1,13:35,3,0,109,13.8,51.1,lawson-crouse,8478474,,,,,,,,,,
2020-21,Arizona Coyotes,51,4,9,13,-10,46,0,2,0,0,14:18,0,0,70,5.7,46.5,lawson-crouse,8478474,,,,,,,,,,
2021-22,Arizona Coyotes,65,20,14,34,-9,52,3,7,1,1,17:26,4,0,131,15.3,33.3,lawson-crouse,8478474,,,,,,,,,,
2022-23,Arizona Coyotes,77,24,21,45,-3,35,6,8,0,0,17:45,3,0,151,15.9,40.2,lawson-crouse,8478474,,,,,,,,,,
2023-24,Arizona Coyotes,81,23,19,42,-7,36,7,10,0,1,16:49,2,0,171,13.5,31.1,lawson-crouse,8478474,,,,,,,,,,
2024-25,Utah Hockey Club,15,3,1,4,-1,11,1,1,0,0,15:02,0,0,28,10.7,100,lawson-crouse,8478474,,,,,,,,,,
Career,,519,106,95,201,-51,335,17,28,5,6,14:55,15,0,888,11.9,39.3,lawson-crouse,8478474,,,,,,,,,,
2022-23,Arizona Coyotes,33,6,9,15,-7,10,4,6,0,0,13:07,1,0,53,11.3,50,dylan-guenther,8482699,,,,,,,,,,
2023-24,Arizona Coyotes,45,18,17,35,-1,14,9,13,1,2,16:17,4,1,121,14.9,20.7,dylan-guenther,8482699,,,,,,,,,,
2024-25,Utah Hockey Club,15,7,5,12,3,12,2,5,0,0,16:28,2,1,38,18.4,25,dylan-guenther,8482699,,,,,,,,,,
Career,,93,31,31,62,-5,36,15,24,1,2,15:11,7,2,212,14.6,24.4,dylan-guenther,8482699,,,,,,,,,,
2019-20,Arizona Coyotes,20,1,3,4,2,14,0,0,0,0,11:09,1,0,27,3.7,37.7,barrett-hayton,8480849,,,,,,,,,,
2020-21,Arizona Coyotes,14,2,1,3,-1,0,0,0,0,0,11:29,0,0,10,20,50,barrett-hayton,8480849,,,,,,,,,,
2021-22,Arizona Coyotes,60,10,14,24,-8,20,2,5,0,0,16:07,1,0,82,12.2,48.1,barrett-hayton,8480849,,,,,,,,,,
2022-23,Arizona Coyotes,82,19,24,43,-5,42,4,10,0,1,17:30,4,2,178,10.7,51.1,barrett-hayton,8480849,,,,,,,,,,
2023-24,Arizona Coyotes,33,3,7,10,-13,26,1,2,0,0,17:01,0,0,66,4.5,49.8,barrett-hayton,8480849,,,,,,,,,,
2024-25,Utah Hockey Club,15,5,3,8,1,0,1,2,0,0,16:38,2,0,32,15.6,61.6,barrett-hayton,8480849,,,,,,,,,,
Career,,224,40,52,92,-24,102,8,19,0,1,16:03,8,2,395,10.1,50.5,barrett-hayton,8480849,,,,,,,,,,
2016-17,Arizona Coyotes,3,0,2,2,-3,0,0,1,0,0,12:40,0,0,0,0,0,clayton-keller,8479343,,,,,,,,,,
2017-18,Arizona Coyotes,82,23,42,65,-7,24,6,20,0,1,18:05,3,2,212,10.9,47.4,clayton-keller,8479343,,,,,,,,,,
2018-19,Arizona Coyotes,82,14,33,47,-21,24,1,19,0,0,18:14,5,0,200,7,33.3,clayton-keller,8479343,,,,,,,,,,
2019-20,Arizona Coyotes,70,17,27,44,-6,28,2,15,0,0,16:18,2,0,184,9.2,38.1,clayton-keller,8479343,,,,,,,,,,
2020-21,Arizona Coyotes,56,14,21,35,-5,18,4,10,0,0,16:40,3,0,124,11.3,46.3,clayton-keller,8479343,,,,,,,,,,
2021-22,Arizona Coyotes,67,28,35,63,3,28,5,11,1,2,20:08,2,2,177,15.8,42.6,clayton-keller,8479343,,,,,,,,,,
2022-23,Arizona Coyotes,82,37,49,86,-2,49,6,20,1,1,20:45,4,2,223,16.6,34.9,clayton-keller,8479343,,,,,,,,,,
2023-24,Arizona Coyotes,78,33,43,76,-20,32,9,30,0,0,19:15,4,0,228,14.5,46.2,clayton-keller,8479343,,,,,,,,,,
2024-25,Utah Hockey Club,15,6,7,13,-1,8,1,2,0,0,19:30,1,1,37,16.2,31.3,clayton-keller,8479343,,,,,,,,,,
Career,,535,172,259,431,-62,211,34,128,2,4,18:34,24,7,1385,12.4,40.8,clayton-keller,8479343,,,,,,,,,,
2017-18,Colorado Avalanche,79,19,24,43,-7,28,5,17,0,0,13:27,0,0,81,23.5,42.1,alexander-kerfoot,8477021,,,,,,,,,,
2018-19,Colorado Avalanche,78,15,27,42,-9,38,4,16,0,0,14:53,1,0,116,12.9,56,alexander-kerfoot,8477021,,,,,,,,,,
2019-20,Toronto Maple Leafs,65,9,19,28,-2,32,1,3,0,0,14:46,1,0,88,10.2,46.9,alexander-kerfoot,8477021,,,,,,,,,,
2020-21,Toronto Maple Leafs,56,8,15,23,2,12,0,2,1,1,14:27,1,0,68,11.8,40.8,alexander-kerfoot,8477021,,,,,,,,,,
2021-22,Toronto Maple Leafs,82,13,38,51,19,20,0,1,0,3,15:13,1,0,117,11.1,42.7,alexander-kerfoot,8477021,,,,,,,,,,
2022-23,Toronto Maple Leafs,82,10,22,32,8,30,2,3,1,2,14:37,1,0,133,7.5,44.8,alexander-kerfoot,8477021,,,,,,,,,,
2023-24,Arizona Coyotes,82,13,32,45,-15,26,2,12,2,3,17:26,3,0,103,12.6,47.8,alexander-kerfoot,8477021,,,,,,,,,,
2024-25,Utah Hockey Club,15,2,2,4,-2,2,0,0,0,0,15:52,0,0,26,7.7,50,alexander-kerfoot,8477021,,,,,,,,,,
Career,,539,89,179,268,-6,188,14,54,4,9,15:02,8,0,732,12.2,47,alexander-kerfoot,8477021,,,,,,,,,,
2021-22,Arizona Coyotes,23,1,5,6,-10,4,0,1,0,0,14:12,0,0,21,4.8,100,matias-maccelli,8481711,,,,,,,,,,
2022-23,Arizona Coyotes,64,11,38,49,0,18,1,13,0,0,15:41,1,0,61,18,0,matias-maccelli,8481711,,,,,,,,,,
2023-24,Arizona Coyotes,82,17,40,57,-4,8,2,12,0,1,16:14,2,1,149,11.4,37.5,matias-maccelli,8481711,,,,,,,,,,
2024-25,Utah Hockey Club,15,3,4,7,-2,0,0,1,0,0,13:58,0,0,23,13,25,matias-maccelli,8481711,,,,,,,,,,
Career,,184,32,87,119,-16,30,3,27,0,1,15:36,3,1,254,12.6,31,matias-maccelli,8481711,,,,,,,,,,
2021-22,Arizona Coyotes,10,2,1,3,-6,6,0,0,0,0,14:11,0,0,13,15.4,34,jack-mcbain,8480855,,,,,,,,,,
2022-23,Arizona Coyotes,82,12,14,26,-8,64,0,0,0,0,13:59,2,0,85,14.1,44,jack-mcbain,8480855,,,,,,,,,,
2023-24,Arizona Coyotes,67,8,18,26,8,50,0,0,0,0,12:37,2,1,56,14.3,45.2,jack-mcbain,8480855,,,,,,,,,,
2024-25,Utah Hockey Club,15,3,3,6,2,26,0,0,0,0,12:10,0,0,11,27.3,54.9,jack-mcbain,8480855,,,,,,,,,,
Career,,174,25,36,61,-4,146,0,0,0,0,13:19,4,1,165,15.2,44.2,jack-mcbain,8480855,,,,,,,,,,
2014-15,Washington Capitals,13,1,1,2,4,23,0,0,0,0,7:33,0,0,16,6.3,50,liam-o'brien,8477070,,,,,,,,,,
2016-17,Washington Capitals,1,0,0,0,0,0,0,0,0,0,6:08,0,0,0,0,0,liam-o'brien,8477070,,,,,,,,,,
2017-18,Washington Capitals,3,0,0,0,0,5,0,0,0,0,6:55,0,0,1,0,0,liam-o'brien,8477070,,,,,,,,,,
2020-21,Colorado Avalanche,12,0,3,3,1,40,0,0,0,0,6:34,0,0,6,0,0,liam-o'brien,8477070,,,,,,,,,,
2021-22,Arizona Coyotes,39,2,1,3,1,106,0,0,0,0,9:29,0,0,36,5.6,50,liam-o'brien,8477070,,,,,,,,,,
2022-23,Arizona Coyotes,56,3,8,11,-5,114,0,0,0,0,11:26,0,0,39,7.7,26.7,liam-o'brien,8477070,,,,,,,,,,
2023-24,Arizona Coyotes,75,5,9,14,0,153,0,0,0,0,9:44,0,0,72,6.9,21.4,liam-o'brien,8477070,,,,,,,,,,
2024-25,Utah Hockey Club,3,0,0,0,-1,5,0,0,0,0,8:51,0,0,1,0,0,liam-o'brien,8477070,,,,,,,,,,
Career,,202,11,22,33,0,446,0,0,0,0,9:45,0,0,171,6.4,28.1,liam-o'brien,8477070,,,,,,,,,,
2016-17,Chicago Blackhawks,61,6,22,28,10,6,0,2,0,0,13:16,0,0,66,9.1,30.9,nick-schmaltz,8477951,,,,,,,,,,
2017-18,Chicago Blackhawks,78,21,31,52,1,18,4,13,0,2,18:14,2,0,118,17.8,40.1,nick-schmaltz,8477951,,,,,,,,,,
2018-19,Chicago Blackhawks,23,2,9,11,-4,6,1,1,0,0,17:41,0,0,33,6.1,43.3,nick-schmaltz,8477951,,,,,,,,,,
2018-19,Arizona Coyotes,17,5,9,14,-8,2,4,7,0,0,18:01,2,1,29,17.2,32.3,nick-schmaltz,8477951,,,,,,,,,,
2019-20,Arizona Coyotes,70,11,34,45,3,20,2,13,0,0,15:32,2,0,95,11.6,42.6,nick-schmaltz,8477951,,,,,,,,,,
2020-21,Arizona Coyotes,52,10,22,32,-1,16,3,7,0,0,17:03,1,0,105,9.5,42.8,nick-schmaltz,8477951,,,,,,,,,,
2021-22,Arizona Coyotes,63,23,36,59,1,14,4,8,0,0,18:15,4,0,123,18.7,47.7,nick-schmaltz,8477951,,,,,,,,,,
2022-23,Arizona Coyotes,63,22,36,58,4,20,6,12,0,1,19:43,2,0,132,16.7,40,nick-schmaltz,8477951,,,,,,,,,,
2023-24,Arizona Coyotes,79,22,39,61,-16,10,10,21,1,1,19:11,3,1,158,13.9,41,nick-schmaltz,8477951,,,,,,,,,,
2024-25,Utah Hockey Club,15,0,12,12,-5,4,0,3,0,0,18:19,0,0,32,0,40.5,nick-schmaltz,8477951,,,,,,,,,,
Career,,521,122,250,372,-15,116,34,87,1,4,17:28,16,2,891,13.7,40.5,nick-schmaltz,8477951,,,,,,,,,,
2018-19,Columbus Blue Jackets,4,0,0,0,0,4,0,0,0,0,10:58,0,0,3,0,50,kevin-stenlund,8478831,,,,,,,,,,
2019-20,Columbus Blue Jackets,32,6,4,10,2,8,3,5,0,0,13:59,1,0,57,10.5,40.3,kevin-stenlund,8478831,,,,,,,,,,
2020-21,Columbus Blue Jackets,32,5,5,10,-4,8,0,1,0,0,12:32,1,0,42,11.9,47.3,kevin-stenlund,8478831,,,,,,,,,,
2021-22,Columbus Blue Jackets,3,0,0,0,0,2,0,0,0,0,7:32,0,0,3,0,100,kevin-stenlund,8478831,,,,,,,,,,
2022-23,Winnipeg Jets,54,6,3,9,3,20,0,0,2,2,11:39,0,0,63,9.5,53.2,kevin-stenlund,8478831,,,,,,,,,,
2023-24,Florida Panthers,81,11,4,15,-10,62,0,0,2,2,12:36,3,0,81,13.6,51.4,kevin-stenlund,8478831,,,,,,,,,,
2024-25,Utah Hockey Club,15,1,1,2,-8,6,0,0,0,0,14:14,0,0,16,6.3,65.3,kevin-stenlund,8478831,,,,,,,,,,
Career,,221,29,17,46,-17,110,3,6,4,4,12:34,5,0,265,10.9,52.1,kevin-stenlund,8478831,,,,,,,,,,
2011-12,Pittsburgh Penguins,6,0,0,0,1,2,0,0,0,0,10:54,0,0,3,0,0,robert-bortuzzo,8474145,,,,,,,,,,
2012-13,Pittsburgh Penguins,15,2,2,4,3,27,0,0,0,0,13:17,0,0,10,20,0,robert-bortuzzo,8474145,,,,,,,,,,
2013-14,Pittsburgh Penguins,54,0,10,10,-3,74,0,0,0,1,15:29,0,0,50,0,0,robert-bortuzzo,8474145,,,,,,,,,,
2014-15,Pittsburgh Penguins,38,2,4,6,-6,68,0,0,0,0,15:28,0,0,37,5.4,100,robert-bortuzzo,8474145,,,,,,,,,,
2014-15,St. Louis Blues,13,1,1,2,-3,25,0,0,0,0,14:06,0,0,19,5.3,0,robert-bortuzzo,8474145,,,,,,,,,,
2015-16,St. Louis Blues,40,2,1,3,2,52,0,0,0,0,13:16,0,0,47,4.3,0,robert-bortuzzo,8474145,,,,,,,,,,
2016-17,St. Louis Blues,38,1,3,4,11,15,0,0,0,0,14:05,0,0,45,2.2,0,robert-bortuzzo,8474145,,,,,,,,,,
2017-18,St. Louis Blues,72,4,9,13,11,41,0,0,0,0,14:48,1,0,76,5.3,0,robert-bortuzzo,8474145,,,,,,,,,,
2018-19,St. Louis Blues,59,2,8,10,9,47,0,0,0,1,15:28,0,0,75,2.7,0,robert-bortuzzo,8474145,,,,,,,,,,
2019-20,St. Louis Blues,42,2,4,6,12,21,0,0,0,0,13:07,1,0,36,5.6,0,robert-bortuzzo,8474145,,,,,,,,,,
2020-21,St. Louis Blues,40,1,4,5,-3,47,0,0,0,0,14:10,1,0,31,3.2,0,robert-bortuzzo,8474145,,,,,,,,,,
2021-22,St. Louis Blues,73,1,5,6,-4,36,0,0,0,0,13:44,0,0,47,2.1,0,robert-bortuzzo,8474145,,,,,,,,,,
2022-23,St. Louis Blues,43,2,3,5,9,29,0,0,0,0,12:34,0,0,30,6.7,0,robert-bortuzzo,8474145,,,,,,,,,,
2023-24,St. Louis Blues,4,0,0,0,2,7,0,0,0,0,10:24,0,0,1,0,0,robert-bortuzzo,8474145,,,,,,,,,,
2023-24,New York Islanders,23,0,0,0,-2,20,0,0,0,0,14:19,0,0,10,0,0,robert-bortuzzo,8474145,,,,,,,,,,
2024-25,Utah Hockey Club,6,0,0,0,-4,6,0,0,0,0,11:11,0,0,2,0,0,robert-bortuzzo,8474145,,,,,,,,,,
Career,,566,20,54,74,35,517,0,0,0,2,14:10,3,0,519,3.9,50,robert-bortuzzo,8474145,,,,,,,,,,
2010-11,St. Louis Blues,26,1,3,4,6,35,0,0,0,0,17:36,0,0,22,4.6,0,ian-cole,8474013,,,,,,,,,,
2011-12,St. Louis Blues,26,1,5,6,7,22,0,0,0,0,15:55,0,0,18,5.6,0,ian-cole,8474013,,,,,,,,,,
2012-13,St. Louis Blues,15,0,1,1,-4,10,0,0,0,0,17:45,0,0,10,0,0,ian-cole,8474013,,,,,,,,,,
2013-14,St. Louis Blues,46,3,8,11,15,31,0,2,0,0,15:05,0,0,45,6.7,0,ian-cole,8474013,,,,,,,,,,
2014-15,St. Louis Blues,54,4,5,9,16,44,0,0,0,0,15:03,0,0,52,7.7,0,ian-cole,8474013,,,,,,,,,,
2014-15,Pittsburgh Penguins,20,1,7,8,-2,7,0,1,0,0,18:29,0,0,31,3.2,0,ian-cole,8474013,,,,,,,,,,
2015-16,Pittsburgh Penguins,70,0,12,12,-3,59,0,1,0,0,17:14,0,0,72,0,0,ian-cole,8474013,,,,,,,,,,
2016-17,Pittsburgh Penguins,81,5,21,26,26,72,0,1,0,0,19:49,1,0,89,5.6,0,ian-cole,8474013,,,,,,,,,,
2017-18,Pittsburgh Penguins,47,3,10,13,3,52,0,1,0,0,17:37,0,0,63,4.8,0,ian-cole,8474013,,,,,,,,,,
2017-18,Columbus Blue Jackets,20,2,5,7,11,24,0,0,0,0,18:08,0,0,21,9.5,0,ian-cole,8474013,,,,,,,,,,
2018-19,Colorado Avalanche,71,2,13,15,-1,115,0,0,0,0,19:45,0,0,82,2.4,0,ian-cole,8474013,,,,,,,,,,
2019-20,Colorado Avalanche,65,4,22,26,21,36,0,0,0,0,17:42,1,0,92,4.3,0,ian-cole,8474013,,,,,,,,,,
2020-21,Colorado Avalanche,2,0,0,0,0,0,0,0,0,0,14:41,0,0,2,0,0,ian-cole,8474013,,,,,,,,,,
2020-21,Minnesota Wild,52,1,7,8,21,32,0,0,0,0,15:55,1,0,28,3.6,0,ian-cole,8474013,,,,,,,,,,
2021-22,Carolina Hurricanes,75,2,17,19,15,83,0,0,0,1,17:09,1,0,77,2.6,0,ian-cole,8474013,,,,,,,,,,
2022-23,Tampa Bay Lightning,78,3,14,17,13,61,0,0,0,0,19:23,0,0,109,2.8,0,ian-cole,8474013,,,,,,,,,,
2023-24,Vancouver Canucks,78,2,9,11,10,61,0,0,0,0,18:41,0,0,61,3.3,0,ian-cole,8474013,,,,,,,,,,
2024-25,Utah Hockey Club,15,1,5,6,1,16,0,0,0,0,20:05,0,0,13,7.7,0,ian-cole,8474013,,,,,,,,,,
Career,,841,35,164,199,155,760,0,6,0,1,17:49,4,0,887,3.9,--,ian-cole,8474013,,,,,,,,,,
2021-22,Los Angeles Kings,64,3,24,27,-9,55,2,15,0,1,19:36,0,0,119,2.5,0,sean-durzi,8480434,,,,,,,,,,
2022-23,Los Angeles Kings,72,9,29,38,-12,50,1,16,0,0,19:47,1,0,110,8.2,0,sean-durzi,8480434,,,,,,,,,,
2023-24,Arizona Coyotes,76,9,32,41,-1,63,3,16,0,0,22:43,1,0,142,6.3,0,sean-durzi,8480434,,,,,,,,,,
2024-25,Utah Hockey Club,4,0,2,2,2,7,0,0,0,0,21:28,0,0,3,0,0,sean-durzi,8480434,,,,,,,,,,
Career,,216,21,87,108,-20,175,6,47,0,1,20:48,2,0,374,5.6,--,sean-durzi,8480434,,,,,,,,,,
2022-23,Arizona Coyotes,9,0,3,3,-1,6,0,0,0,0,17:06,0,0,8,0,0,michael-kesselring,8480891,,,,,,,,,,
2023-24,Arizona Coyotes,65,5,16,21,11,66,0,0,0,0,15:48,2,0,76,6.6,0,michael-kesselring,8480891,,,,,,,,,,
2024-25,Utah Hockey Club,15,3,4,7,5,15,0,0,0,0,19:57,1,1,24,12.5,0,michael-kesselring,8480891,,,,,,,,,,
Career,,89,8,23,31,15,87,0,0,0,0,16:37,3,1,108,7.4,--,michael-kesselring,8480891,,,,,,,,,,
2021-22,Arizona Coyotes,32,1,2,3,0,6,0,0,0,0,15:51,0,0,24,4.2,0,vladislav-kolyachonok,8481609,,,,,,,,,,
2022-23,Arizona Coyotes,2,0,0,0,0,0,0,0,0,0,13:46,0,0,2,0,0,vladislav-kolyachonok,8481609,,,,,,,,,,
2023-24,Arizona Coyotes,5,1,3,4,5,2,0,0,0,0,12:28,0,0,5,20,0,vladislav-kolyachonok,8481609,,,,,,,,,,
2024-25,Utah Hockey Club,12,1,3,4,-7,2,0,0,0,0,13:09,0,0,3,33.3,0,vladislav-kolyachonok,8481609,,,,,,,,,,
Career,,51,3,8,11,-2,10,0,0,0,0,14:48,0,0,34,8.8,--,vladislav-kolyachonok,8481609,,,,,,,,,,
2024-25,Utah Hockey Club,8,1,1,2,4,22,0,0,0,0,15:44,0,0,6,16.7,0,maveric-lamoureux,8483472,,,,,,,,,,
Career,,8,1,1,2,4,22,0,0,0,0,15:44,0,0,6,16.7,--,maveric-lamoureux,8483472,,,,,,,,,,
2013-14,Pittsburgh Penguins,78,9,20,29,8,14,3,6,1,1,18:30,1,0,119,7.6,0,olli-maatta,8476874,,,,,,,,,,
2014-15,Pittsburgh Penguins,20,1,8,9,1,10,0,2,0,0,20:43,0,0,27,3.7,0,olli-maatta,8476874,,,,,,,,,,
2015-16,Pittsburgh Penguins,67,6,13,19,27,22,0,1,0,1,19:58,2,0,95,6.3,0,olli-maatta,8476874,,,,,,,,,,
2016-17,Pittsburgh Penguins,55,1,6,7,17,12,0,0,0,0,18:04,0,0,66,1.5,0,olli-maatta,8476874,,,,,,,,,,
2017-18,Pittsburgh Penguins,82,7,22,29,-1,28,0,8,0,0,18:45,3,0,164,4.3,0,olli-maatta,8476874,,,,,,,,,,
2018-19,Pittsburgh Penguins,60,1,13,14,9,12,1,4,0,0,18:35,1,0,74,1.4,0,olli-maatta,8476874,,,,,,,,,,
2019-20,Chicago Blackhawks,65,4,13,17,0,20,0,0,0,2,18:25,0,0,80,5,0,olli-maatta,8476874,,,,,,,,,,
2020-21,Los Angeles Kings,41,0,4,4,-8,6,0,0,0,0,16:26,0,0,43,0,0,olli-maatta,8476874,,,,,,,,,,
2021-22,Los Angeles Kings,66,1,7,8,17,10,0,0,0,0,18:17,0,0,61,1.6,0,olli-maatta,8476874,,,,,,,,,,
2022-23,Detroit Red Wings,78,6,17,23,-9,14,0,0,0,0,18:42,0,0,62,9.7,0,olli-maatta,8476874,,,,,,,,,,
2023-24,Detroit Red Wings,72,4,14,18,14,14,0,0,0,0,16:03,0,0,48,8.3,0,olli-maatta,8476874,,,,,,,,,,
2024-25,Detroit Red Wings,7,0,0,0,0,0,0,0,0,0,15:52,0,0,3,0,0,olli-maatta,8476874,,,,,,,,,,
2024-25,Utah Hockey Club,5,0,0,0,1,4,0,0,0,0,19:44,0,0,2,0,0,olli-maatta,8476874,,,,,,,,,,
Career,,696,40,137,177,76,166,4,21,1,4,18:19,7,0,844,4.7,--,olli-maatta,8476874,,,,,,,,,,
2016-17,Montr√©al Canadiens,4,0,0,0,1,0,0,0,0,0,12:08,0,0,2,0,0,mikhail-sergachev,8479410,,,,,,,,,,
2017-18,Tampa Bay Lightning,79,9,31,40,11,38,3,16,0,0,15:22,5,0,141,6.4,0,mikhail-sergachev,8479410,,,,,,,,,,
2018-19,Tampa Bay Lightning,75,6,26,32,12,28,0,6,0,0,17:55,0,0,128,4.7,50,mikhail-sergachev,8479410,,,,,,,,,,
2019-20,Tampa Bay Lightning,70,10,24,34,15,58,5,13,1,1,20:22,0,0,118,8.5,0,mikhail-sergachev,8479410,,,,,,,,,,
2020-21,Tampa Bay Lightning,56,4,26,30,5,30,0,8,0,0,21:58,1,0,108,3.7,0,mikhail-sergachev,8479410,,,,,,,,,,
2021-22,Tampa Bay Lightning,78,7,31,38,6,59,1,7,0,1,22:28,1,0,149,4.7,0,mikhail-sergachev,8479410,,,,,,,,,,
2022-23,Tampa Bay Lightning,79,10,54,64,13,53,3,27,0,1,23:49,2,0,156,6.4,0,mikhail-sergachev,8479410,,,,,,,,,,
2023-24,Tampa Bay Lightning,34,2,17,19,-16,16,0,7,0,0,22:33,0,0,53,3.8,0,mikhail-sergachev,8479410,,,,,,,,,,
2024-25,Utah Hockey Club,15,2,8,10,-4,4,1,3,0,0,25:38:00,0,0,26,7.7,0,mikhail-sergachev,8479410,,,,,,,,,,
Career,,490,50,217,267,43,286,13,87,1,3,20:30,9,0,881,5.7,50,mikhail-sergachev,8479410,,,,,,,,,,
2018-19,Calgary Flames,24,1,2,3,-2,12,0,0,0,0,15:29,1,0,28,3.6,0,juuso-valimaki,8479976,,,,,,,,,,
2020-21,Calgary Flames,49,2,9,11,-2,26,0,0,0,0,15:26,0,0,72,2.8,0,juuso-valimaki,8479976,,,,,,,,,,
2021-22,Calgary Flames,9,0,2,2,0,10,0,0,0,0,15:42,0,0,11,0,0,juuso-valimaki,8479976,,,,,,,,,,
2022-23,Arizona Coyotes,78,4,30,34,-10,59,1,12,0,0,18:11,1,0,93,4.3,0,juuso-valimaki,8479976,,,,,,,,,,
2023-24,Arizona Coyotes,68,2,15,17,12,12,0,4,0,0,19:06,0,0,69,2.9,0,juuso-valimaki,8479976,,,,,,,,,,
2024-25,Utah Hockey Club,13,0,0,0,-5,2,0,0,0,0,17:40,0,0,13,0,0,juuso-valimaki,8479976,,,,,,,,,,
Career,,241,9,58,67,-7,121,1,16,0,0,17:29,2,0,286,3.1,--,juuso-valimaki,8479976,,,,,,,,,,
2021-22,Nashville Predators,3,0,0,,,0,,,,,,,,,,,connor-ingram,8478971,3,1,2,--,0,91,3.71,0.879,0,177:45:00
2022-23,Arizona Coyotes,27,0,0,,,2,,,,,,,,,,,connor-ingram,8478971,26,6,13,--,8,960,3.37,0.907,1,1586:40:00
2023-24,Arizona Coyotes,50,0,3,,,0,,,,,,,,,,,connor-ingram,8478971,48,23,21,--,3,1461,2.91,0.907,6,2802:56:00
2024-25,Utah Hockey Club,12,0,0,,,2,,,,,,,,,,,connor-ingram,8478971,12,6,3,--,3,321,3.4,0.879,0,688:51:00
Career,,92,0,3,,,4,,,,,,,,,,,connor-ingram,8478971,89,36,39,--,14,2833,3.14,0.903,7,5256:12:00
2021-22,Arizona Coyotes,52,0,0,,,0,,,,,,,,,,,karel-vejmelka,8478872,49,13,32,--,3,1669,3.68,0.898,1,2773:14:00
2022-23,Arizona Coyotes,50,0,0,,,2,,,,,,,,,,,karel-vejmelka,8478872,49,18,24,--,6,1670,3.43,0.9,3,2940:50:00
2023-24,Arizona Coyotes,38,0,2,,,2,,,,,,,,,,,karel-vejmelka,8478872,33,13,19,--,2,1089,3.35,0.897,1,2040:08:00
2024-25,Utah Hockey Club,4,0,0,,,0,,,,,,,,,,,karel-vejmelka,8478872,3,0,3,--,0,99,2.75,0.899,0,217:59:00
Career,,144,0,2,,,4,,,,,,,,,,,karel-vejmelka,8478872,134,44,78,--,11,4527,3.48,0.899,5,7972:11:00
